Modelo,Accuracy,Precision,Recall,F1-Score
Regresión Logística,0.9705,0.24358974358974358,1.0,0.3917525773195876
Random Forest,0.9995,1.0,0.9473684210526315,0.972972972972973
Red Neuronal MLP,0.9955,0.8125,0.6842105263157895,0.7428571428571429
